[{"model": "sessions.session", "pk": "2o470c77a7ubomk1r0ujuyizhtxh4msm", "fields": {"session_data": "OTY2YTg4OTczYjBhZjZkM2Y3ZDY2NGVmMjgxMzg1ZDNiZGMyYjUyMTp7fQ==", "expire_date": "2020-07-04T03:54:25.792Z"}}, {"model": "sessions.session", "pk": "dglcm6gn5m67t4g390ik9wfgdu1bjkji", "fields": {"session_data": "ODg1ZTdkODI3MGEyZjhjNmExOWFjZDA5YjAxY2FiOWUxMzFhOTUwMjp7Il9hdXRoX3VzZXJfaWQiOiI2IiwiX2F1dGhfdXNlcl9iYWNrZW5kIjoiZGphbmdvLmNvbnRyaWIuYXV0aC5iYWNrZW5kcy5Nb2RlbEJhY2tlbmQiLCJfYXV0aF91c2VyX2hhc2giOiI2NjJlODBkYjM0MjAyZDNhYTRhOTg5OTFkZDE3YWFmNmVkMmJhODZlIn0=", "expire_date": "2020-08-14T01:35:30.797Z"}}, {"model": "sessions.session", "pk": "pafzlpd6ny7zi2h2yscyiwglyaqgha7o", "fields": {"session_data": "OTY2YTg4OTczYjBhZjZkM2Y3ZDY2NGVmMjgxMzg1ZDNiZGMyYjUyMTp7fQ==", "expire_date": "2020-08-19T20:08:28.962Z"}}, {"model": "sessions.session", "pk": "ra4m0qj76afg2n8nooy7lh9492l9vrc2", "fields": {"session_data": "YWIzYTZmYTY3YzczN2RlYjMwNTc4ZGM1MGRiNmUzOTMwYzA3Yzc4OTp7Il9hdXRoX3VzZXJfaWQiOiIxIiwiX2F1dGhfdXNlcl9iYWNrZW5kIjoiZGphbmdvLmNvbnRyaWIuYXV0aC5iYWNrZW5kcy5Nb2RlbEJhY2tlbmQiLCJfYXV0aF91c2VyX2hhc2giOiJhNzFjODg0ZTAwMDQ1NDMwZjg2MTgzZGQzOTRiMTFhNzNjZThlOTZmIn0=", "expire_date": "2020-08-25T19:24:29.833Z"}}, {"model": "sessions.session", "pk": "seadv90j95tcq1gg49cule9daxccni69", "fields": {"session_data": "YWIzYTZmYTY3YzczN2RlYjMwNTc4ZGM1MGRiNmUzOTMwYzA3Yzc4OTp7Il9hdXRoX3VzZXJfaWQiOiIxIiwiX2F1dGhfdXNlcl9iYWNrZW5kIjoiZGphbmdvLmNvbnRyaWIuYXV0aC5iYWNrZW5kcy5Nb2RlbEJhY2tlbmQiLCJfYXV0aF91c2VyX2hhc2giOiJhNzFjODg0ZTAwMDQ1NDMwZjg2MTgzZGQzOTRiMTFhNzNjZThlOTZmIn0=", "expire_date": "2020-07-17T15:10:13.621Z"}}, {"model": "sessions.session", "pk": "wptiomm1suxzb4ausp3v7cqimuv8rlxx", "fields": {"session_data": "YWIzYTZmYTY3YzczN2RlYjMwNTc4ZGM1MGRiNmUzOTMwYzA3Yzc4OTp7Il9hdXRoX3VzZXJfaWQiOiIxIiwiX2F1dGhfdXNlcl9iYWNrZW5kIjoiZGphbmdvLmNvbnRyaWIuYXV0aC5iYWNrZW5kcy5Nb2RlbEJhY2tlbmQiLCJfYXV0aF91c2VyX2hhc2giOiJhNzFjODg0ZTAwMDQ1NDMwZjg2MTgzZGQzOTRiMTFhNzNjZThlOTZmIn0=", "expire_date": "2020-08-24T19:32:51.390Z"}}, {"model": "auth.user", "pk": 1, "fields": {"password": "pbkdf2_sha256$180000$EEwyb0wfKXZV$Dm9icufBzqwTIiEHicGgJy3JjRYZeKZxPkS/sfh5350=", "last_login": "2020-08-11T19:24:29.795Z", "is_superuser": true, "username": "tomo", "first_name": "", "last_name": "", "email": "", "is_staff": true, "is_active": true, "date_joined": "2020-06-14T03:29:34.912Z", "groups": [], "user_permissions": []}}, {"model": "auth.user", "pk": 2, "fields": {"password": "pbkdf2_sha256$180000$WSsa58P5uoMg$p3dw4jgIDcxgq0RxeSBn0kVHIRddNIxo0ST09cR1CMc=", "last_login": null, "is_superuser": false, "username": "shareomat", "first_name": "", "last_name": "", "email": "tkutlesa@gmail.com", "is_staff": false, "is_active": true, "date_joined": "2020-06-16T23:27:17.558Z", "groups": [], "user_permissions": []}}, {"model": "auth.user", "pk": 3, "fields": {"password": "pbkdf2_sha256$180000$NKAsKXP0GHmv$evA2Oo3p4lc3DhINAimtM0DZVKw5T4xZNcRzl5Od068=", "last_login": null, "is_superuser": false, "username": "Tomislav", "first_name": "", "last_name": "", "email": "tkutlesa@gmail.com", "is_staff": false, "is_active": true, "date_joined": "2020-06-16T23:33:07.217Z", "groups": [], "user_permissions": []}}, {"model": "auth.user", "pk": 4, "fields": {"password": "pbkdf2_sha256$180000$rU5f7qfivKLT$S8mcdcN01ljSfEYQi77w4KU4tkOTEomiuNugFaTXy4E=", "last_login": null, "is_superuser": false, "username": "vastamasta", "first_name": "", "last_name": "", "email": "tkutlesa@gmail.com", "is_staff": false, "is_active": true, "date_joined": "2020-06-16T23:34:58.199Z", "groups": [], "user_permissions": []}}, {"model": "auth.user", "pk": 5, "fields": {"password": "pbkdf2_sha256$180000$NBcLAd1tqPrm$5sNb0YXiBe7gq6IcKg+ZZpgC0NodYdmW46Nq6NdeQ3Q=", "last_login": null, "is_superuser": false, "username": "snaparinjo", "first_name": "", "last_name": "", "email": "tkutlesa@gmail.com", "is_staff": false, "is_active": true, "date_joined": "2020-06-16T23:36:02.225Z", "groups": [], "user_permissions": []}}, {"model": "auth.user", "pk": 6, "fields": {"password": "pbkdf2_sha256$180000$v1W1VcMH7HWf$WU3CI+GBY1/CwJ+E74FA8HJIJfpthnBZOwUztmhk0FQ=", "last_login": "2020-08-06T21:54:48.927Z", "is_superuser": false, "username": "marko", "first_name": "", "last_name": "", "email": "tkutlesa@gmail.com", "is_staff": false, "is_active": true, "date_joined": "2020-07-31T01:32:31.767Z", "groups": [], "user_permissions": []}}, {"model": "auth.user", "pk": 7, "fields": {"password": "pbkdf2_sha256$180000$nSkTXeiaxim4$ZhsfP0IvE5FUNpYKEP0qvOurCjqRCMhrCiHrK/iDJ2U=", "last_login": null, "is_superuser": false, "username": "volomolo", "first_name": "", "last_name": "", "email": "fimoc26918@mailvk.net", "is_staff": false, "is_active": false, "date_joined": "2020-08-05T16:12:57.519Z", "groups": [], "user_permissions": []}}, {"model": "auth.user", "pk": 8, "fields": {"password": "pbkdf2_sha256$180000$xSvrfK66uHEG$EwdbvIu93lvIsfsFLcJG5qDwhM/CNAyBT6TndHgBu0s=", "last_login": null, "is_superuser": false, "username": "molovolo", "first_name": "", "last_name": "", "email": "fimoc26918@mailvk.net", "is_staff": false, "is_active": false, "date_joined": "2020-08-05T16:19:10.048Z", "groups": [], "user_permissions": []}}, {"model": "auth.user", "pk": 9, "fields": {"password": "pbkdf2_sha256$180000$QNxwXMO4Nu9r$+o5KCTql6Rbgb5Q44yYF1DovMetURt6g/4ric/9uIQA=", "last_login": null, "is_superuser": false, "username": "mikiriki", "first_name": "", "last_name": "", "email": "fimoc26918@mailvk.net", "is_staff": false, "is_active": false, "date_joined": "2020-08-05T16:22:23.724Z", "groups": [], "user_permissions": []}}, {"model": "auth.user", "pk": 10, "fields": {"password": "pbkdf2_sha256$180000$VwetSJ4EEZst$5S9wnD6muvbSqWrznITur9eJm2a6Q6p478FuZUe+Y1c=", "last_login": null, "is_superuser": false, "username": "kokoloko", "first_name": "", "last_name": "", "email": "fimoc26918@mailvk.net", "is_staff": false, "is_active": false, "date_joined": "2020-08-05T16:23:10.861Z", "groups": [], "user_permissions": []}}, {"model": "auth.user", "pk": 11, "fields": {"password": "pbkdf2_sha256$180000$tj1F4sluSAXU$nl+HVh5fuwbQbrYpcEynvyjzA7d4QnDCTDxOQNyzQvE=", "last_login": null, "is_superuser": false, "username": "popolopo", "first_name": "", "last_name": "", "email": "fimoc26918@mailvk.net", "is_staff": false, "is_active": false, "date_joined": "2020-08-05T16:26:44.416Z", "groups": [], "user_permissions": []}}, {"model": "auth.user", "pk": 12, "fields": {"password": "pbkdf2_sha256$180000$K5otAr2QqIiT$VyGmq2LyP6CTCRH0enFJsa1ZRKObS0GBWoJNRrBHESk=", "last_login": null, "is_superuser": false, "username": "lolokolo", "first_name": "", "last_name": "", "email": "fimoc26918@mailvk.net", "is_staff": false, "is_active": false, "date_joined": "2020-08-05T16:28:18.042Z", "groups": [], "user_permissions": []}}, {"model": "auth.user", "pk": 13, "fields": {"password": "pbkdf2_sha256$180000$qNUndPRozBmO$cWl9gtKWjG4MBxOIvUMDZabHBbvYQYQXMSXcFRNedjw=", "last_login": null, "is_superuser": false, "username": "jijikiji", "first_name": "", "last_name": "", "email": "fimoc26918@mailvk.net", "is_staff": false, "is_active": false, "date_joined": "2020-08-05T16:29:20.403Z", "groups": [], "user_permissions": []}}, {"model": "auth.user", "pk": 14, "fields": {"password": "pbkdf2_sha256$180000$HzB4Ovck5ynz$w5mul64hwQT+YsecOdjjms+/21lEIj8VNpCdrNs/QEg=", "last_login": null, "is_superuser": false, "username": "mkmknjnj", "first_name": "", "last_name": "", "email": "fimoc26918@mailvk.net", "is_staff": false, "is_active": false, "date_joined": "2020-08-05T16:32:02.104Z", "groups": [], "user_permissions": []}}, {"model": "auth.user", "pk": 15, "fields": {"password": "pbkdf2_sha256$180000$ST8DSYaVfOnL$7IEukyqCbjGHh7P7tnStfpzua4fgHlxc0ZuzRu6Bhao=", "last_login": null, "is_superuser": false, "username": "njnjbhbh", "first_name": "", "last_name": "", "email": "fimoc26918@mailvk.net", "is_staff": false, "is_active": false, "date_joined": "2020-08-05T16:35:27.133Z", "groups": [], "user_permissions": []}}, {"model": "auth.user", "pk": 16, "fields": {"password": "pbkdf2_sha256$180000$82qp5UIW7vMu$7Hz2ivOGw+rd5mzUU6pURBBaG03Uplja4UbVEa+ZpV0=", "last_login": null, "is_superuser": false, "username": "kojikoji", "first_name": "", "last_name": "", "email": "fimoc26918@mailvk.net", "is_staff": false, "is_active": false, "date_joined": "2020-08-05T18:42:20.570Z", "groups": [], "user_permissions": []}}, {"model": "auth.user", "pk": 17, "fields": {"password": "pbkdf2_sha256$180000$XtyU8CEkSnj5$IF3oHGfpQHTFksIoxJv+JXAx8bSrt1McljNBSOy8QPE=", "last_login": null, "is_superuser": false, "username": "lplpkoko", "first_name": "", "last_name": "", "email": "fimoc26918@mailvk.net", "is_staff": false, "is_active": false, "date_joined": "2020-08-05T18:57:08.494Z", "groups": [], "user_permissions": []}}, {"model": "auth.user", "pk": 18, "fields": {"password": "pbkdf2_sha256$180000$o4HeB9uSrZZ4$3MkJp24YW5YC2QBxSYA01W+CeDC0HFmqJfaRmWrP8fc=", "last_login": null, "is_superuser": false, "username": "jijihuhu", "first_name": "", "last_name": "", "email": "fimoc26918@mailvk.net", "is_staff": false, "is_active": false, "date_joined": "2020-08-05T18:58:43.726Z", "groups": [], "user_permissions": []}}, {"model": "auth.user", "pk": 19, "fields": {"password": "pbkdf2_sha256$180000$odUFcn5jtIiq$vSTCYBQD1DLqKqkvgHTJ2+cMveiLR8vPnERQbDiIkGk=", "last_login": null, "is_superuser": false, "username": "huhugygy", "first_name": "", "last_name": "", "email": "fimoc26918@mailvk.net", "is_staff": false, "is_active": false, "date_joined": "2020-08-05T18:59:05.209Z", "groups": [], "user_permissions": []}}, {"model": "auth.user", "pk": 20, "fields": {"password": "pbkdf2_sha256$180000$9iZlWn233IKW$RIF+yLZYDGFbC+RvesGMdnJNpeFwKWCPZ0x7LcXMOTs=", "last_login": null, "is_superuser": false, "username": "swswdede", "first_name": "", "last_name": "", "email": "fimoc26918@mailvk.net", "is_staff": false, "is_active": false, "date_joined": "2020-08-05T19:46:44.045Z", "groups": [], "user_permissions": []}}, {"model": "auth.user", "pk": 21, "fields": {"password": "pbkdf2_sha256$180000$KWhb443OaKMW$KTlsci1/TNNf/04YcK63j5OolIZjbfuSx5gz00m0s0c=", "last_login": null, "is_superuser": false, "username": "aqaqswsw", "first_name": "", "last_name": "", "email": "fimoc26918@mailvk.net", "is_staff": false, "is_active": false, "date_joined": "2020-08-05T19:50:31.350Z", "groups": [], "user_permissions": []}}, {"model": "auth.user", "pk": 22, "fields": {"password": "pbkdf2_sha256$180000$727xnBVtl0yh$/p5iG17izCIiTKtWSqajQgaymSz1EqgarKCskWy/Gvo=", "last_login": null, "is_superuser": false, "username": "dedefrfr", "first_name": "", "last_name": "", "email": "fimoc26918@mailvk.net", "is_staff": false, "is_active": false, "date_joined": "2020-08-05T19:52:39.458Z", "groups": [], "user_permissions": []}}, {"model": "auth.user", "pk": 23, "fields": {"password": "pbkdf2_sha256$180000$NuNIIadAozA6$7kV0TEIUv3kkZDlwE2Jeka3FTixci5maaveyYmiiMBU=", "last_login": null, "is_superuser": false, "username": "frfrgtgt", "first_name": "", "last_name": "", "email": "fimoc26918@mailvk.net", "is_staff": false, "is_active": false, "date_joined": "2020-08-05T20:02:42.591Z", "groups": [], "user_permissions": []}}, {"model": "auth.user", "pk": 24, "fields": {"password": "pbkdf2_sha256$180000$FqYchRVvD569$3sZ3+tjzZnwe9JgOLMmvrZgyoSKFGsM8Zd27+PDT+HE=", "last_login": "2020-08-05T20:11:54.844Z", "is_superuser": false, "username": "xsxscdcd", "first_name": "", "last_name": "", "email": "sefido4345@mail2paste.com", "is_staff": false, "is_active": true, "date_joined": "2020-08-05T20:03:48.231Z", "groups": [], "user_permissions": []}}, {"model": "auth.user", "pk": 25, "fields": {"password": "pbkdf2_sha256$180000$PYCwUxMBrCgo$3j6MYj3udu51fkZ5tD3nw0+msPZ9U/oqHQdcwRcXOmE=", "last_login": "2020-08-05T20:08:28.974Z", "is_superuser": false, "username": "cdcdvfvf", "first_name": "", "last_name": "", "email": "sefido4345@mail2paste.com", "is_staff": false, "is_active": true, "date_joined": "2020-08-05T20:08:14.429Z", "groups": [], "user_permissions": []}}, {"model": "auth.user", "pk": 26, "fields": {"password": "pbkdf2_sha256$180000$xE6yv7CfwnNE$9IuCgVOmsEIm2s0GgaDinU4zX9Vr9aLlT4aJZ0CSgX0=", "last_login": "2020-08-05T20:10:41.764Z", "is_superuser": false, "username": "fvfvgbgb", "first_name": "", "last_name": "", "email": "sefido4345@mail2paste.com", "is_staff": false, "is_active": true, "date_joined": "2020-08-05T20:10:25.313Z", "groups": [], "user_permissions": []}}, {"model": "auth.user", "pk": 27, "fields": {"password": "pbkdf2_sha256$180000$tDG4Q6jt2EzY$F8l5wt9BXbExzlmaN11Q6dKbV4VJLZ9CozOwC2MIQCE=", "last_login": null, "is_superuser": false, "username": "mokotoko", "first_name": "", "last_name": "", "email": "", "is_staff": false, "is_active": false, "date_joined": "2020-08-08T21:46:13.987Z", "groups": [], "user_permissions": []}}, {"model": "ads.ad", "pk": 1, "fields": {"title": "fwfe", "slug": "slug", "price": "0.00", "description": "dasdadsadadad", "date_posted": "2020-06-14T03:29:57Z", "author": 1, "image": "ad_images/default.png", "thumbnail": "ad_thumbnails/default.png"}}, {"model": "ads.ad", "pk": 2, "fields": {"title": "regency", "slug": "slug", "price": "0.00", "description": "asdadadsa", "date_posted": "2020-06-14T03:30:08Z", "author": 1, "image": "ad_images/default.png", "thumbnail": "ad_thumbnails/default.png"}}, {"model": "ads.ad", "pk": 3, "fields": {"title": "koko", "slug": "slug", "price": "0.00", "description": "werrf frwerfwre fwref", "date_posted": "2020-06-14T03:59:21Z", "author": 1, "image": "ad_images/default.png", "thumbnail": "ad_thumbnails/default.png"}}, {"model": "ads.ad", "pk": 4, "fields": {"title": "titula", "slug": "slug", "price": "0.00", "description": "ma jasta je to", "date_posted": "2020-06-20T04:18:33.292Z", "author": 1, "image": "ad_images/default.png", "thumbnail": "ad_thumbnails/default.png"}}, {"model": "ads.ad", "pk": 5, "fields": {"title": "staklo", "slug": "slug", "price": "0.00", "description": "Najbolje sve se vidi kroz njega", "date_posted": "2020-06-20T04:22:33.040Z", "author": 1, "image": "ad_images/default.png", "thumbnail": "ad_thumbnails/default.png"}}, {"model": "ads.ad", "pk": 6, "fields": {"title": "pecina", "slug": "slug", "price": "0.00", "description": "iz nje smo izasli", "date_posted": "2020-06-20T04:22:54.641Z", "author": 1, "image": "ad_images/default.png", "thumbnail": "ad_thumbnails/default.png"}}, {"model": "ads.ad", "pk": 7, "fields": {"title": "Yoyoyo", "slug": "slug", "price": "0.00", "description": "great bike on sale now!!!", "date_posted": "2020-06-20T04:28:08.891Z", "author": 1, "image": "ad_images/default.png", "thumbnail": "ad_thumbnails/default.png"}}, {"model": "ads.ad", "pk": 8, "fields": {"title": "iz admina", "slug": "slug", "price": "0.00", "description": "jeste ba jeste", "date_posted": "2020-06-20T13:39:43Z", "author": 1, "image": "ad_images/4kejkEC5u_orig.jpg", "thumbnail": "ad_thumbnails/default.png"}}, {"model": "ads.ad", "pk": 10, "fields": {"title": "iz admina", "slug": "slug", "price": "0.00", "description": "okokokok", "date_posted": "2020-06-20T13:55:06Z", "author": 1, "image": "ad_images/4kejkEC5u_orig_kS4rDrW.jpg", "thumbnail": "ad_thumbnails/default.png"}}, {"model": "ads.ad", "pk": 14, "fields": {"title": "iz admina", "slug": "slug", "price": "44334.00", "description": "fefefef", "date_posted": "2020-07-18T06:47:36Z", "author": 3, "image": "ad_images/default.png", "thumbnail": "ad_thumbnails/default.png"}}, {"model": "ads.ad", "pk": 18, "fields": {"title": "iz admina", "slug": "slug", "price": "44334.00", "description": "tgfs", "date_posted": "2020-07-18T19:10:15Z", "author": 3, "image": "ad_images/Screenshot_1_4XGjHJ9.jpg", "thumbnail": "ad_thumbnails/default.png"}}, {"model": "ads.ad", "pk": 28, "fields": {"title": "ffffff", "slug": "ffffff", "price": "44334.00", "description": "frwrrr", "date_posted": "2020-07-25T03:25:19.489Z", "author": 1, "image": "ad_images/Vk4LAEAqd_orig.jpg", "thumbnail": "ad_thumbnails/default.png"}}, {"model": "ads.ad", "pk": 29, "fields": {"title": "koko", "slug": "koko", "price": "432.00", "description": "oooooooooooklkl", "date_posted": "2020-07-25T03:27:22.408Z", "author": 1, "image": "ad_images/EJdZbKm2__orig_57ZRTVr.jpg", "thumbnail": "ad_thumbnails/default.png"}}, {"model": "ads.ad", "pk": 33, "fields": {"title": "regency", "slug": "regency", "price": "44334.00", "description": "wrer", "date_posted": "2020-08-07T17:29:42.170Z", "author": 1, "image": "ad_images/file_example_JPG_500kB_Vy4ZQsU.jpg", "thumbnail": "ad_thumbnails/file_example_JPG_500kB_Vy4ZQsU_F2mOQZq.jpg"}}, {"model": "ads.ad", "pk": 34, "fields": {"title": "fwfe", "slug": "fwfe", "price": "544.00", "description": "ffwerfwf", "date_posted": "2020-08-07T17:30:21.574Z", "author": 1, "image": "ad_images/file_example_JPG_500kB_S31CzRz.jpg", "thumbnail": "ad_thumbnails/default.png"}}, {"model": "ads.ad", "pk": 35, "fields": {"title": "iz admina", "slug": "iz-admina", "price": "50.00", "description": "ff", "date_posted": "2020-08-07T17:30:51.960Z", "author": 1, "image": "ad_images/Screenshot_1_cPTL7l8.jpg", "thumbnail": "ad_thumbnails/default.png"}}, {"model": "ads.ad", "pk": 38, "fields": {"title": "fff", "slug": "fff", "price": "50.00", "description": "eee", "date_posted": "2020-08-07T18:00:22.452Z", "author": 1, "image": "ad_images/Vk4LAEAqd_orig_F1lWSPT.jpg", "thumbnail": "ad_thumbnails/Vk4LAEAqd_orig_F1lWSPT.jpg"}}, {"model": "ads.ad", "pk": 39, "fields": {"title": "regency", "slug": "regency", "price": "44334.00", "description": "ddd", "date_posted": "2020-08-07T18:01:10.376Z", "author": 1, "image": "ad_images/EJdZbKm2__orig_M9rPRLE.jpg", "thumbnail": "ad_thumbnails/EJdZbKm2__orig_M9rPRLE.jpg"}}, {"model": "ads.ad", "pk": 40, "fields": {"title": "iz admina", "slug": "iz-admina", "price": "44334.00", "description": "ee", "date_posted": "2020-08-07T18:02:32.756Z", "author": 1, "image": "ad_images/EJdZbKm2__orig_T5fiaOc.jpg", "thumbnail": "ad_thumbnails/EJdZbKm2__orig_T5fiaOc.jpg"}}, {"model": "private_messages.conversation", "pk": 35, "fields": {"ad": 38, "starter": 1, "participant": 1}}, {"model": "private_messages.conversation", "pk": 36, "fields": {"ad": 40, "starter": 1, "participant": 1}}, {"model": "private_messages.conversation", "pk": 37, "fields": {"ad": 33, "starter": 1, "participant": 1}}, {"model": "private_messages.conversation", "pk": 38, "fields": {"ad": 18, "starter": 1, "participant": 3}}, {"model": "private_messages.privatemessage", "pk": 191, "fields": {"sender": 1, "body": "grg", "date": "2020-08-08T21:06:50.921Z", "conversation": 35}}, {"model": "private_messages.privatemessage", "pk": 192, "fields": {"sender": 1, "body": "Hello tomo how much is this", "date": "2020-08-09T02:00:49.879Z", "conversation": 35}}, {"model": "private_messages.privatemessage", "pk": 193, "fields": {"sender": 1, "body": "h", "date": "2020-08-09T05:47:45.959Z", "conversation": 35}}, {"model": "private_messages.privatemessage", "pk": 194, "fields": {"sender": 1, "body": "ggg", "date": "2020-08-09T05:47:50.085Z", "conversation": 35}}, {"model": "private_messages.privatemessage", "pk": 195, "fields": {"sender": 1, "body": "g", "date": "2020-08-09T05:47:57.977Z", "conversation": 35}}, {"model": "private_messages.privatemessage", "pk": 196, "fields": {"sender": 1, "body": "rr44 4r4r r4r 4r 4r 4r", "date": "2020-08-09T05:48:18.249Z", "conversation": 35}}, {"model": "private_messages.privatemessage", "pk": 197, "fields": {"sender": 1, "body": "Hello neighbour, is this still available?", "date": "2020-08-10T17:21:54.858Z", "conversation": 36}}, {"model": "private_messages.privatemessage", "pk": 198, "fields": {"sender": 1, "body": "Hello neighbour, is this still available?", "date": "2020-08-10T18:56:24.438Z", "conversation": 37}}, {"model": "private_messages.privatemessage", "pk": 199, "fields": {"sender": 1, "body": "Hello neighbour, is this still available?", "date": "2020-08-10T19:18:56.130Z", "conversation": 38}}, {"model": "admin.logentry", "pk": 1, "fields": {"action_time": "2020-06-14T03:30:06.477Z", "user": 1, "content_type": null, "object_id": "1", "object_repr": "fwfe", "action_flag": 1, "change_message": "[{\"added\": {}}]"}}, {"model": "admin.logentry", "pk": 2, "fields": {"action_time": "2020-06-14T03:30:15.541Z", "user": 1, "content_type": null, "object_id": "2", "object_repr": "regency", "action_flag": 1, "change_message": "[{\"added\": {}}]"}}, {"model": "admin.logentry", "pk": 3, "fields": {"action_time": "2020-06-14T03:59:33.478Z", "user": 1, "content_type": null, "object_id": "3", "object_repr": "koko", "action_flag": 1, "change_message": "[{\"added\": {}}]"}}, {"model": "admin.logentry", "pk": 4, "fields": {"action_time": "2020-06-20T13:44:41.071Z", "user": 1, "content_type": null, "object_id": "9", "object_repr": "regency", "action_flag": 2, "change_message": "[{\"changed\": {\"fields\": [\"Image\"]}}]"}}, {"model": "admin.logentry", "pk": 5, "fields": {"action_time": "2020-06-20T13:45:55.587Z", "user": 1, "content_type": null, "object_id": "9", "object_repr": "regency", "action_flag": 2, "change_message": "[{\"changed\": {\"fields\": [\"Image\"]}}]"}}, {"model": "admin.logentry", "pk": 6, "fields": {"action_time": "2020-06-20T13:54:50.469Z", "user": 1, "content_type": null, "object_id": "9", "object_repr": "regency", "action_flag": 3, "change_message": ""}}, {"model": "admin.logentry", "pk": 7, "fields": {"action_time": "2020-06-20T13:55:42.024Z", "user": 1, "content_type": null, "object_id": "8", "object_repr": "iz admina", "action_flag": 2, "change_message": "[{\"changed\": {\"fields\": [\"Image\"]}}]"}}, {"model": "admin.logentry", "pk": 8, "fields": {"action_time": "2020-06-20T13:55:51.869Z", "user": 1, "content_type": null, "object_id": "10", "object_repr": "iz admina", "action_flag": 2, "change_message": "[{\"changed\": {\"fields\": [\"Image\"]}}]"}}, {"model": "admin.logentry", "pk": 9, "fields": {"action_time": "2020-07-18T06:47:58.543Z", "user": 1, "content_type": null, "object_id": "14", "object_repr": "iz admina", "action_flag": 1, "change_message": "[{\"added\": {}}]"}}, {"model": "admin.logentry", "pk": 10, "fields": {"action_time": "2020-07-18T19:09:00.655Z", "user": 1, "content_type": null, "object_id": "15", "object_repr": "iz admina", "action_flag": 1, "change_message": "[{\"added\": {}}]"}}, {"model": "admin.logentry", "pk": 11, "fields": {"action_time": "2020-07-18T19:10:08.437Z", "user": 1, "content_type": null, "object_id": "17", "object_repr": "fwfe", "action_flag": 1, "change_message": "[{\"added\": {}}]"}}, {"model": "admin.logentry", "pk": 12, "fields": {"action_time": "2020-07-18T19:10:25.782Z", "user": 1, "content_type": null, "object_id": "18", "object_repr": "iz admina", "action_flag": 1, "change_message": "[{\"added\": {}}]"}}, {"model": "admin.logentry", "pk": 13, "fields": {"action_time": "2020-08-07T18:00:07.835Z", "user": 1, "content_type": null, "object_id": "37", "object_repr": "iz admina", "action_flag": 3, "change_message": ""}}, {"model": "admin.logentry", "pk": 14, "fields": {"action_time": "2020-08-07T18:00:07.845Z", "user": 1, "content_type": null, "object_id": "36", "object_repr": "iz admina", "action_flag": 3, "change_message": ""}}]